{
	"good_key" : 0.0123456
	,
	"good_key2" : 0.654321
}
